{
    "colors":[],
    "normals":[-1,-0,0,0,-4.40157e-08,-1,1,-0,0,0,4.40157e-08,1,-0,-1,0,-0,1,0],
    "vertices":[-2.3,0,2.3,-2.3,0,-2.3,2.3,0,-2.3,2.3,0,2.3,-2.3,65,2.3,-2.3,65,-2.3,2.3,65,-2.3,2.3,65,2.3],
    "materials":[],
    "metadata":{
        "colors":0,
        "normals":6,
        "type":"Geometry",
        "uvs":0,
        "version":3,
        "vertices":8,
        "faces":6,
        "materials":0,
        "generator":"io_three"
    },
    "uvs":[],
    "faces":[35,1,0,4,5,0,0,0,0,0,35,5,6,2,1,0,1,1,1,1,35,6,7,3,2,0,2,2,2,2,35,0,3,7,4,0,3,3,3,3,35,0,1,2,3,0,4,4,4,4,35,7,6,5,4,0,5,5,5,5]
}